{
  "rotation_vector": [
    3.1157172526989965,
    0.014910954896334462,
    -6.68609115307394e-05
  ],
  "translation_vector": [
    30.354423511575707,
    15.575923874794436,
    1173.2963621951358
  ]
}