{
  "fx": 3294.8968839379804,
  "fy": 3315.2014445322197,
  "cx": 1368.0,
  "cy": 918.0
}